pitch_mean_st,pitch_std_st,pitch_range_st,energy_cv,energy_level_db,dynamic_range_db,onset_rate,zcr_mean,frac_silencio,centroid_hz,duracion_s,archivo,clase_original,recolector,score_enojo,score_tristeza,score_feliz,score_tranquilidad
11.823228778522385,6.66287247437825,20.529960638148015,0.70047432229363,-22.881803512573242,27.465566635131836,5.335364818572998,0.07389322916666667,0.23148148148148148,1283.5887240571324,10.0,ED_01_ENO_S.ogg,Enojo,ED,0.5405447417935514,0.18496101252987354,0.49715869713051236,0.4152426391945214
12.03757430622791,6.124500770821668,21.26064991522312,0.7747687649828577,-25.890947341918945,48.691619873046875,4.881703853607178,0.08382613570601852,0.21296296296296297,1284.0446158513348,10.0,ED_01_FEL.ogg,Enojo,ED,0.6561731979833677,0.2073318798202375,0.5353499060840295,0.35770487753690744
12.705294183668208,5.777561108920353,20.017477208774995,0.8085782871566867,-23.03073501586914,36.62015914916992,4.008929252624512,0.09464970341435185,0.25,1502.3387716307107,10.0,ED_02_ENO_S.ogg,Enojo,ED,0.5971357727339001,0.16881868139454506,0.5271251594724602,0.3732831661393182
18.335525757374164,8.053389104735187,27.447895147632117,0.8122578306128659,-27.055959701538086,50.76789855957031,5.264963626861572,0.14441822193287038,0.2777777777777778,2352.9743365411114,10.0,ED_03_ENO_S.ogg,Enojo,ED,0.8117362588489878,0.13664414140679015,0.8093956553560097,0.19426599502563477
16.743107750622492,7.546050663906797,26.363269175467728,0.8912711667209269,-27.229745864868164,54.18612289428711,5.730780601501465,0.1125171802662037,0.3333333333333333,1769.8061754090058,10.0,ED_04_ENO_S.ogg,Enojo,ED,0.7507220961396487,0.22374289169451028,0.6940531768122683,0.18976905981027148
14.280110928847787,4.884640563944239,16.674852887022936,0.4591550983175744,-19.163894653320312,25.45374870300293,4.129693031311035,0.06175853587962963,0.10185185185185185,1304.4570587256906,10.0,ED_05_ENO_S.ogg,Enojo,ED,0.5145239727484692,0.1388081722793903,0.4325530565919195,0.4750889115057715
12.459882201055297,6.453718705863086,24.48517709056446,0.7666693664026069,-26.535160064697266,48.87126922607422,5.139050483703613,0.07087764033564815,0.26851851851851855,1189.9092135308217,10.0,MT_02_ENO.ogg,Enojo,MT,0.6621663922803639,0.24834552476206173,0.5490170214129009,0.3083776964575945
14.328775125048253,7.024745373331698,23.324063930404474,0.698302141927223,-24.726913452148438,45.23362350463867,4.081186294555664,0.04564977575231482,0.23148148148148148,751.9804835911187,10.0,MT_03_ENO.ogg,Enojo,MT,0.6937770701186732,0.2053398729268989,0.6031834821971429,0.24534164191788005
15.984360090677072,6.923537290388063,25.318392731831377,0.824787488084592,-28.376855850219727,53.526119232177734,4.222458839416504,0.07044361255787036,0.28703703703703703,1204.2954469017077,10.0,MT_05_ENO.ogg,Enojo,MT,0.6961926275660127,0.2841214060426438,0.5940614292374751,0.27223753011640767
11.244796344923895,6.826863941540963,24.91075825224051,0.6203169551116102,-25.029638290405273,49.18601989746094,4.917010307312012,0.08319317853009259,0.18518518518518517,1357.7076293947466,10.0,MT_10_ENO.ogg,Enojo,MT,0.6827523335101829,0.17496179661689615,0.5603335648993616,0.33474594179264633
3.6456670152773896,10.487314248616448,28.273813983921972,0.8270996552333889,-29.832260131835938,55.241065979003906,5.65027379989624,0.1317138671875,0.25925925925925924,2053.1880724384264,10.0,SG_01_ENO.ogg,Enojo,SG,0.6688780129019778,0.3083544135052316,0.6099130529157631,0.35750503651149446
2.1214587401962106,10.230568788651691,30.482826117539915,0.7445964015714145,-24.65986442565918,24.880523681640625,3.947084665298462,0.054624204282407406,0.24074074074074073,987.6373201104526,10.0,SG_01_FEL.ogg,Enojo,SG,0.5104116717974345,0.3359601278205139,0.44589986334676324,0.37783501137555936
3.6456670152773896,10.487314248616448,28.273813983921972,0.8270996552333889,-29.832260131835938,55.241065979003906,5.65027379989624,0.1317138671875,0.25925925925925924,2053.1880724384264,10.0,SG_06_ENO.ogg,Enojo,SG,0.6688780129019778,0.3083544135052316,0.6099130529157631,0.35750503651149446
10.332173683662106,5.108794916272629,12.384909375243417,0.5148733729799916,-21.60057258605957,32.55195999145508,5.701070785522461,0.09455475983796297,0.1111111111111111,1542.7804786621043,10.0,VA_01_ENO.ogg,Enojo,VA,0.5372626598802492,0.11327352014334596,0.4002541438151672,0.5493933390070049
1.6416497701931725,5.819601738672825,15.856954738845019,0.6548640775131489,-22.419084548950195,32.764190673828125,5.255794048309326,0.0981174045138889,0.21296296296296297,2000.833325536548,10.0,VA_13_ENO.mpeg,Enojo,VA,0.5718691658049282,0.2308182026952384,0.5003164419576057,0.4590471619754993
16.9953449014155,5.889391230479539,21.067690985848387,0.7522887130809252,-25.816194534301758,54.83330154418945,6.569170951843262,0.11368815104166667,0.2222222222222222,1898.3658391357274,10.0,VZ_02_ENO.ogg,Enojo,VZ,0.7343036566846637,0.14398464875813138,0.6625926733699637,0.32754279097286515
10.570088795181384,4.963476012896379,16.36066374539861,0.5515933533568338,-21.555326461791992,23.075130462646484,4.226939678192139,0.06234176070601852,0.1111111111111111,1143.3530399533988,10.0,VZ_03_FEL.ogg,Enojo,VZ,0.4732938036767148,0.15,0.381687054696943,0.5493746863815241
17.58539539220927,7.274851619069801,27.981056185700982,0.9548500603964137,-28.068578720092773,48.32327651977539,5.489533424377441,0.1431251808449074,0.35185185185185186,2218.0874242073896,10.0,ED_02_FEL.ogg,Feliz,ED,0.7497000872743159,0.19618959101005365,0.7635425881418764,0.2092466956737481
4.4421800765480555,6.649226680137321,23.717103239449443,0.6518395412175733,-21.87923812866211,33.54439926147461,4.895159721374512,0.08744755497685185,0.1574074074074074,1361.0941655529477,10.0,ED_03_FEL.ogg,Feliz,ED,0.5815159217319057,0.23779073599262493,0.46616210747277376,0.4819841204722075
13.085336067909367,4.967543924760091,16.501706345666737,0.7479200804733158,-23.10527801513672,32.919044494628906,5.412875652313232,0.10509349681712964,0.2037037037037037,1734.7965240849694,10.0,ED_04_FEL.ogg,Feliz,ED,0.560094923267343,0.12567455872698718,0.5022529409091627,0.47230686026760504
12.478583062955344,7.216234769777114,23.486651797788213,0.7998774445661331,-27.596885681152344,39.360008239746094,3.942845344543457,0.04763454861111111,0.25925925925925924,786.6396631373666,10.0,MT_01_FEL.ogg,Feliz,MT,0.5894686415291814,0.26138219746829267,0.5485605419386664,0.3430389559528516
13.125246838963765,6.134501227801012,26.574336922417753,0.6568577159511566,-26.37299919128418,48.520835876464844,5.224228382110596,0.07353606047453703,0.16666666666666666,1387.6443027001658,10.0,MT_03_FEL.ogg,Feliz,MT,0.6600381354513073,0.18556907895757202,0.5443907345839832,0.3725515381307746
9.001634424469803,10.45298933887872,32.1573471732163,0.7947443555445028,-25.45637321472168,34.58491134643555,4.0498833656311035,0.07090928819444445,0.26851851851851855,1186.2554354210786,10.0,SG_02_FEL.ogg,Feliz,SG,0.5786741072336833,0.24761660057909682,0.5152750420956621,0.3620068691218118
3.630229755415069,7.244208608488476,26.458240729373937,0.7515556347720833,-24.35928726196289,24.455171585083008,3.6026551723480225,0.056193033854166664,0.25,1010.0574529224424,10.0,SG_04_TRA.ogg,Feliz,SG,0.47675238748325877,0.31036683037461466,0.4356974580178493,0.4352027716707167
1.9592558618574145,7.558943338899671,20.354775177204324,0.9589847053648973,-42.64264678955078,27.826356887817383,3.5618138313293457,0.06294307002314815,0.39814814814814814,1414.8127976692733,10.0,VZ_04_FEL.mp4,Feliz,VZ,0.2886727286389974,0.5865578560137098,0.37780078608031675,0.247992259252133
3.6380528035363184,5.760882490419779,14.18619656027181,0.7297840310103694,-25.826353073120117,32.05417251586914,4.315602779388428,0.05507631655092592,0.23148148148148148,1119.693667362606,10.0,VZ_05_FEL.ogg,Feliz,VZ,0.4922227462743596,0.3259984231989887,0.3525618434604452,0.5514286200731888
8.301126085968129,6.726298308643727,23.548022884519977,0.6126798205795131,-23.461135864257812,29.72665786743164,4.49943208694458,0.07512297453703703,0.14814814814814814,1289.3580208765952,10.0,VZ_06_FEL.ogg,Feliz,VZ,0.5327823904140346,0.1791212918596662,0.46816892018480344,0.5273780663000289
2.3841879152871,9.505648510258064,29.425055624762717,0.647688940251781,-23.822288513183594,26.6573486328125,4.74090576171875,0.09704137731481481,0.16666666666666666,1621.1464605652595,10.0,VZ_06_TRA.ogg,Feliz,VZ,0.5440065494076576,0.24701794969985952,0.4957177821019393,0.4280529039047972
16.580272536685754,6.5361208033557,21.292667009018295,0.8981076295606453,-28.06226921081543,42.714595794677734,4.625359058380127,0.10802770543981481,0.3425925925925926,1660.9585895610833,10.0,VZ_07_FEL.ogg,Feliz,VZ,0.6461454542975481,0.25213522973830793,0.6204722706967335,0.2831775394772995
9.581062565280686,5.979226411221902,23.56935116320472,0.6791590927503268,-24.151220321655273,41.77984619140625,4.165157794952393,0.06487358940972222,0.21296296296296297,1159.9136862876776,10.0,VZ_08_FEL.ogg,Feliz,VZ,0.5992487025415847,0.19580582594292595,0.5000917881906645,0.41823836272401743
4.945832755439721,7.049435586718273,18.42762297162444,0.7544799079440933,-25.086483001708984,26.550434112548828,3.5259218215942383,0.06870750144675926,0.26851851851851855,1199.8134523341437,10.0,ED_01_TRI.ogg,Tristeza,ED,0.46990726051332965,0.30771081721063615,0.4324714008495665,0.4894695538263485
4.747445066966954,9.95065911233144,30.09969898006887,0.7602524228548982,-25.465450286865234,34.331260681152344,5.168514728546143,0.12611671730324073,0.2222222222222222,2026.6303528702495,10.0,ED_03_TRI_S.ogg,Tristeza,ED,0.6028503491084919,0.21008434463150277,0.5863935047267093,0.42484492744378144
9.20401184767153,6.035659436300756,20.367937344651907,0.7940232407323425,-27.082387924194336,37.65730285644531,4.253978252410889,0.08233868634259259,0.2777777777777778,1395.0083380756334,10.0,MT_01_TRA.ogg,Tristeza,MT,0.5270967772176719,0.25263346364517003,0.46206538110435674,0.4664017516670721
8.122397185627953,6.48253127927417,17.568769850901027,0.7185051248132429,-27.590749740600586,36.282814025878906,4.735513687133789,0.060628255208333336,0.25925925925925924,1209.3666444919634,10.0,MT_01_TRI.ogg,Tristeza,MT,0.5212276996889954,0.2907932522261718,0.45380784969135457,0.49218437433546286
11.771101337937633,8.333340831753514,21.4377675070547,0.8825717028824874,-32.07057189941406,46.86489486694336,3.0509302616119385,0.031051070601851853,0.37962962962962965,766.0482433564422,10.0,MT_03_TRI.ogg,Tristeza,MT,0.5565727036212327,0.3791016116500837,0.5488921542494224,0.2521892920955745
5.61142412949361,5.827767702510954,16.895325732064205,0.7697823961142778,-35.64638137817383,24.24122428894043,3.250638723373413,0.059999819155092594,0.3055555555555556,1681.4853564566565,10.0,MT_04_TRI.mp4,Tristeza,MT,0.2728304302722162,0.4258388487443189,0.3406710756439395,0.5430150693854539
14.3030580366922,6.593386090451514,16.30029213162108,1.1286924327477155,-34.92734146118164,57.41135787963867,3.20491886138916,0.060112847222222224,0.48148148148148145,1236.175343604981,10.0,MT_05_TRI.ogg,Tristeza,MT,0.5384415296035128,0.4478394361466064,0.5006545472383552,0.22776369386320824
-1.2988015704683455,8.309782556942814,28.328491798370766,0.8637210781385227,-27.916704177856445,31.963794708251953,4.634638786315918,0.08641673900462964,0.2777777777777778,1446.4550595788487,10.0,MT_07_TRI.ogg,Tristeza,MT,0.5235339107513428,0.37729719142346396,0.4640839553758226,0.33872758428255967
-1.3128094869831983,5.664621764643991,12.712133131946445,0.7623065535854406,-26.678260803222656,29.6357421875,4.431524276733398,0.062409577546296294,0.2222222222222222,1040.4074087827416,10.0,MT_09_TRA.ogg,Tristeza,MT,0.4584179593192689,0.3623563157485734,0.31444628379103556,0.5040081688210956
11.128662143373965,7.552377243127246,20.27605196320445,0.7393446555181932,-26.417734146118164,35.14692687988281,4.405171871185303,0.07453522858796297,0.28703703703703703,1297.7085527121033,10.0,MT_10_TRI.ogg,Tristeza,MT,0.5697029116527267,0.24332666078421966,0.5344996647745756,0.34793165094233347
-1.8707050556257485,4.159989885829802,7.053676564451084,0.7191155685622151,-28.633974075317383,53.868045806884766,4.0878448486328125,0.051572446469907406,0.23148148148148148,1053.461408793777,10.0,SG_02_TRA.ogg,Tristeza,SG,0.5531339226078693,0.39673653986241086,0.238108214518097,0.4507682925734181
8.472389793408254,4.854071038623643,16.4713796596797,0.6642460389414677,-25.794809341430664,27.265222549438477,4.322727203369141,0.0910373263888889,0.19444444444444445,1399.4068993757176,10.0,SG_02_TRI.ogg,Tristeza,SG,0.4296180325148682,0.21098938704451303,0.3507196915047405,0.6505337375309331
-3.6338891701941733,4.951130745142893,7.888682212160454,0.7754672499008631,-30.75748062133789,53.18211364746094,3.603666305541992,0.044768156828703706,0.2777777777777778,919.71777525522,10.0,SG_03_ENO.ogg,Tristeza,SG,0.525400660302819,0.4483438633473348,0.26691950357435956,0.40492975658858416
-1.293071951565615,5.398166554768365,18.105764997810795,0.8938981415358759,-32.28737258911133,43.63397979736328,3.1952834129333496,0.046445493344907406,0.37037037037037035,1108.2515381553833,10.0,SG_03_TRI.ogg,Tristeza,SG,0.4449967402159425,0.5088608926501205,0.3956913652364553,0.37399671502197274
-2.9620613181969375,5.180660424155292,9.895019569710989,0.7188239495581915,-26.528762817382812,41.481197357177734,3.9220407009124756,0.04105179398148148,0.25,896.7164140879445,10.0,SG_04_TRI.ogg,Tristeza,SG,0.538161050987065,0.3709498226281368,0.31231025205364227,0.4009078542662634
0.7134627826563538,9.955762621664817,32.37943567122232,0.869403850287055,-27.528902053833008,25.044437408447266,4.048001766204834,0.09260615596064815,0.35185185185185186,1570.0829036720525,10.0,SG_06_TRI.ogg,Tristeza,SG,0.4770693381479446,0.3871380134547578,0.4570281971601058,0.3350627731424173
10.177450883773112,9.741733328024942,32.641177694412974,1.4872629234556325,-56.58061981201172,52.37804412841797,5.252711772918701,0.18181242766203703,0.6388888888888888,3032.088022549225,10.0,SG_09_TRA.mp4,Tristeza,SG,0.5785056605964589,0.35,0.7667730727510113,0.07167279592925414
9.56278561324725,7.253985845536766,18.38408460203145,0.7457966183728133,-25.23028564453125,37.68384552001953,3.9867138862609863,0.05644169560185185,0.26851851851851855,1105.5571447704585,10.0,VA_03_TRI.ogg,Tristeza,VA,0.5855955395006682,0.23494508908704223,0.5263334842379651,0.36452208697090294
10.036520914252392,5.925852385623445,17.929626691328313,0.8675218284398837,-29.423696517944336,34.650333404541016,3.577202081680298,0.07741518373842593,0.37037037037037035,1359.0595130822976,10.0,VA_04_TRI.ogg,Tristeza,VA,0.4467795085373602,0.3168181779872501,0.43800621378134047,0.47781345060718217
11.715785382870774,4.874699525338611,17.220246307504073,0.8412070732092153,-27.525501251220703,48.36336898803711,3.171840190887451,0.08356843171296297,0.3148148148148148,1798.9804189016666,10.0,VA_05_ENO.mp4,Tristeza,VA,0.5668528567858394,0.21796949057256731,0.5284439711944424,0.43410306883263006
11.715785382870774,4.874699525338611,17.220246307504073,0.8412070732092153,-27.525501251220703,48.36336898803711,3.171840190887451,0.08356843171296297,0.3148148148148148,1798.9804189016666,10.0,VA_05_TRI.mp4,Tristeza,VA,0.5668528567858394,0.21796949057256731,0.5284439711944424,0.43410306883263006
5.578910326688874,8.365972893069296,29.66667974310891,0.8178753723649203,-25.62317657470703,51.948944091796875,4.507597923278809,0.06673629195601852,0.26851851851851855,1059.6345486117923,10.0,VA_10_TRI.ogg,Tristeza,VA,0.6996781031290691,0.30585706282494957,0.527355146408081,0.3180464004260891
0.07129422010855535,9.52328640547382,29.423004453442957,0.9312763107720735,-29.971662521362305,44.02046203613281,4.019215106964111,0.08506040219907407,0.3611111111111111,1282.4961432454886,10.0,VA_11_TRI.ogg,Tristeza,VA,0.5914461612701416,0.45998470354255594,0.49591824852901956,0.2548606250153004
10.415206111173347,6.160797096782236,17.722546996996584,0.9527689295681752,-26.847549438476562,36.89116287231445,3.897224187850952,0.0890163845486111,0.3888888888888889,1447.3042269242633,10.0,VA_12_TRI.ogg,Tristeza,VA,0.5269519945634289,0.27417624993152945,0.4826005413279175,0.3956783275427895
2.6086821430032465,7.596099128424161,26.654598882453733,1.0108850480523717,-33.66584014892578,43.577003479003906,4.256015300750732,0.07458043981481481,0.4444444444444444,1642.9361224447134,10.0,VA_15ENO.mp4,Tristeza,VA,0.5327217980145931,0.5023546950659737,0.5113909114143642,0.2685871418451823
2.4282893810842623,5.181956217459851,16.729675660958364,0.7496806427182569,-26.6971435546875,26.72598648071289,3.112466812133789,0.08211263020833333,0.2777777777777778,1982.0866465563465,10.0,VA_15_TRI.mp4,Tristeza,VA,0.40144172033017234,0.2937838662977436,0.4296042556437485,0.6104837645540254
-0.5674010060148476,3.4141146431325513,9.58931482137756,1.0089176506832416,-50.98616409301758,27.749019622802734,3.1017491817474365,0.0589599609375,0.4537037037037037,1397.820162747812,10.0,VZ_01_TRI.mp4,Tristeza,VZ,0.1520100154279542,0.6170201036544034,0.10642675848296822,0.4077239812697715
-4.642336350177324,11.789054308061383,32.93491641782219,1.4990624025811539,-36.96042251586914,40.26521301269531,3.0417232513427734,0.10799605758101852,0.7129629629629629,1943.5688969043474,10.0,VZ_02_TRA.ogg,Tristeza,VZ,0.43860266546018045,0.533995686295335,0.5265061450469568,0.17761052449544268
13.238239299823572,8.209995296303216,28.670894795482866,0.9901416240162154,-31.21504020690918,49.4660758972168,4.5366597175598145,0.08183684172453703,0.39814814814814814,1495.4561086052306,10.0,VZ_02_TRI.ogg,Tristeza,VZ,0.6524373587068674,0.34129670452200145,0.5858679140677039,0.19403234301315503
-1.5866529069031863,5.421050503084375,10.033446659619205,1.2044724134164941,-38.294010162353516,51.55213928222656,3.374711513519287,0.06201623987268518,0.5370370370370371,1281.36428911574,10.0,VZ_04_TRA.ogg,Tristeza,VZ,0.4220948926970929,0.6212823975947421,0.26726010336861505,0.22941414661863746
-1.730806410246423,6.681631467262738,22.290563942188903,1.1502950647966923,-35.480770111083984,56.33941650390625,3.377617835998535,0.06263563368055555,0.5185185185185185,1210.917703731929,10.0,VZ_04_TRI.ogg,Tristeza,VZ,0.4956924681521381,0.5892423477743274,0.4330104454962347,0.2012747724178032
1.572085067322032,3.75078225936236,13.053502573208615,0.8920026288197704,-33.84779357910156,36.931396484375,4.039785385131836,0.05613425925925926,0.37037037037037035,1081.8220577603918,10.0,VZ_07_TRI.ogg,Tristeza,VZ,0.36501072671352247,0.5333817939213955,0.22907047781967382,0.47841839799080377
7.043500044820597,6.186044373275717,16.393290681216993,0.984544770518424,-30.856063842773438,46.34535598754883,3.363067865371704,0.06475604021990741,0.39814814814814814,1100.8468561282305,10.0,VZ_08_TRI.ogg,Tristeza,VZ,0.5164438373713087,0.4153547832792369,0.433187867051985,0.4335144641509404
